{
  "image_file": "shelf_video_2.MOV",
  "num_books": 4,
  "books": [
    {
      "call_number": "ENGR TJ 211 T575 2005",
      "confidence": 0.9558762258953517,
      "text_components": [
        "ENOR",
        "rJ",
        "211",
        "575",
        "2005"
      ],
      "detection_count": 18,
      "position": 1
    },
    {
      "call_number": "MATH PHYS QC 794.6 S85 B58 2013",
      "confidence": 0.9511025208092871,
      "text_components": [
        "MATH",
        "PHYS",
        "OC",
        "794.6",
        "S85",
        "B58",
        "2013"
      ],
      "detection_count": 20,
      "position": 2
    },
    {
      "call_number": "QC 174.12 H39 2001",
      "confidence": 0.9422854483127594,
      "text_components": [
        "QC",
        "174.12",
        "H39",
        "2001"
      ],
      "detection_count": 19,
      "position": 3
    },
    {
      "call_number": "Q 325.5 M873 2023",
      "confidence": 0.9937588341534138,
      "text_components": [
        "Q",
        "325.5",
        "M873",
        "2023"
      ],
      "detection_count": 20,
      "position": 4
    }
  ]
}